,state,district,link
0,Andhra Pradesh,Anantapur,NFHS-5_FCTS/AP/Anantapur.pdf
1,Andhra Pradesh,Chittoor,NFHS-5_FCTS/AP/Chittoor.pdf
2,Andhra Pradesh,East Godavari,NFHS-5_FCTS/AP/East Godavari.pdf
3,Andhra Pradesh,Guntur,NFHS-5_FCTS/AP/Guntur.pdf
4,Andhra Pradesh,Krishna,NFHS-5_FCTS/AP/Krishna.pdf
5,Andhra Pradesh,Kurnool,NFHS-5_FCTS/AP/Kurnool.pdf
6,Andhra Pradesh,Prakasam,NFHS-5_FCTS/AP/Prakasam.pdf
7,Andhra Pradesh,Sri Potti Sriramulu Nellore,NFHS-5_FCTS/AP/Sri Potti Sriramulu Nellore.pdf
8,Andhra Pradesh,Srikakulam,NFHS-5_FCTS/AP/Srikakulam.pdf
9,Andhra Pradesh,Visakhapatnam,NFHS-5_FCTS/AP/Visakhapatnam.pdf
10,Andhra Pradesh,Vizianagaram,NFHS-5_FCTS/AP/Vizianagaram.pdf
11,Andhra Pradesh,West Godavari,NFHS-5_FCTS/AP/West Godavari.pdf
12,Andhra Pradesh,Y.S.R.,NFHS-5_FCTS/AP/Y.S.R..pdf
13,Arunachal Pradesh,Anjaw,NFHS-5_FCTS/AR/Anjaw.pdf
14,Arunachal Pradesh,Changlang,NFHS-5_FCTS/AR/Changlang.pdf
15,Arunachal Pradesh,Dibang Valley,NFHS-5_FCTS/AR/Dibang Valley.pdf
16,Arunachal Pradesh,East Kameng,NFHS-5_FCTS/AR/East Kameng.pdf
17,Arunachal Pradesh,East Siang,NFHS-5_FCTS/AR/East Siang.pdf
18,Arunachal Pradesh,Kra Daadi,NFHS-5_FCTS/AR/Kra Daadi.pdf
19,Arunachal Pradesh,Kurung Kumey,NFHS-5_FCTS/AR/Kurung Kumey.pdf
20,Arunachal Pradesh,Lohit,NFHS-5_FCTS/AR/Lohit.pdf
21,Arunachal Pradesh,Longding,NFHS-5_FCTS/AR/Longding.pdf
22,Arunachal Pradesh,Lower Dibang Valley,NFHS-5_FCTS/AR/Lower Dibang Valley.pdf
23,Arunachal Pradesh,Lower Subansiri,NFHS-5_FCTS/AR/Lower Subansiri.pdf
24,Arunachal Pradesh,Namsai,NFHS-5_FCTS/AR/Namsai.pdf
25,Arunachal Pradesh,Papum Pare,NFHS-5_FCTS/AR/Papumpare.pdf
26,Arunachal Pradesh,Siang,NFHS-5_FCTS/AR/Siang.pdf
27,Arunachal Pradesh,Tawang,NFHS-5_FCTS/AR/Tawang.pdf
28,Arunachal Pradesh,Tirap,NFHS-5_FCTS/AR/Tirap.pdf
29,Arunachal Pradesh,Upper Siang,NFHS-5_FCTS/AR/Upper Siang.pdf
30,Arunachal Pradesh,Upper Subansiri,NFHS-5_FCTS/AR/Upper Subansiri.pdf
31,Arunachal Pradesh,West Kameng,NFHS-5_FCTS/AR/West Kameng.pdf
32,Arunachal Pradesh,West Siang,NFHS-5_FCTS/AR/West Siang.pdf
33,Assam,Baksa,NFHS-5_FCTS/AS/Baksa.pdf
34,Assam,Barpeta,NFHS-5_FCTS/AS/Barpeta.pdf
35,Assam,Biswanath,NFHS-5_FCTS/AS/Biswanath.pdf
36,Assam,Bongaigaon,NFHS-5_FCTS/AS/Bongaigaon.pdf
37,Assam,Cachar,NFHS-5_FCTS/AS/Cachar.pdf
38,Assam,Charaideo,NFHS-5_FCTS/AS/Charaideo.pdf
39,Assam,Chirang,NFHS-5_FCTS/AS/Chirang.pdf
40,Assam,Darrang,NFHS-5_FCTS/AS/Darrang.pdf
41,Assam,Dhemaji,NFHS-5_FCTS/AS/Dhemaji.pdf
42,Assam,Dhubri,NFHS-5_FCTS/AS/Dhubri.pdf
43,Assam,Dibrugarh,NFHS-5_FCTS/AS/Dibrugarh.pdf
44,Assam,Dima Hasao,NFHS-5_FCTS/AS/Dima Hasao.pdf
45,Assam,Goalpara,NFHS-5_FCTS/AS/Goalpara.pdf
46,Assam,Golaghat,NFHS-5_FCTS/AS/Golaghat.pdf
47,Assam,Hailakandi,NFHS-5_FCTS/AS/Hailakandi.pdf
48,Assam,Hojai,NFHS-5_FCTS/AS/Hojai.pdf
49,Assam,Jorhat,NFHS-5_FCTS/AS/Jorhat.pdf
50,Assam,Kamrup,NFHS-5_FCTS/AS/Kamrup.pdf
51,Assam,Kamrup Metropolitan,NFHS-5_FCTS/AS/Kamrup Metropolitan.pdf
52,Assam,Karbi Anglong,NFHS-5_FCTS/AS/Karbi Anglong.pdf
53,Assam,Karimganj,NFHS-5_FCTS/AS/Karimganj.pdf
54,Assam,Kokrajhar,NFHS-5_FCTS/AS/Kokrajhar.pdf
55,Assam,Lakhimpur,NFHS-5_FCTS/AS/Lakhimpur.pdf
56,Assam,Majuli,NFHS-5_FCTS/AS/Majuli.pdf
57,Assam,Morigaon,NFHS-5_FCTS/AS/Morigaon.pdf
58,Assam,Nagaon,NFHS-5_FCTS/AS/Nagaon.pdf
59,Assam,Nalbari,NFHS-5_FCTS/AS/Nalbari.pdf
60,Assam,Sivasagar,NFHS-5_FCTS/AS/Sivasagar.pdf
61,Assam,Sonitpur,NFHS-5_FCTS/AS/Sonitpur.pdf
62,Assam,South Salmara Mancachar,NFHS-5_FCTS/AS/South Salmara Mancachar.pdf
63,Assam,Tinsukia,NFHS-5_FCTS/AS/Tinsukia.pdf
64,Assam,Udalguri,NFHS-5_FCTS/AS/Udalguri.pdf
65,Assam,West Karbi Anglong,NFHS-5_FCTS/AS/West Karbi Anglong.pdf
66,Bihar,Araria,NFHS-5_FCTS/BR/Araria.pdf
67,Bihar,Arwal,NFHS-5_FCTS/BR/Arwal.pdf
68,Bihar,Aurangabad,NFHS-5_FCTS/BR/Aurangabad.pdf
69,Bihar,Banka,NFHS-5_FCTS/BR/Banka.pdf
70,Bihar,Begusarai,NFHS-5_FCTS/BR/Begusarai.pdf
71,Bihar,Bhagalpur,NFHS-5_FCTS/BR/Bhagalpur.pdf
72,Bihar,Bhojpur,NFHS-5_FCTS/BR/Bhojpur.pdf
73,Bihar,Buxar,NFHS-5_FCTS/BR/Buxar.pdf
74,Bihar,Darbhanga,NFHS-5_FCTS/BR/Darbhanga.pdf
75,Bihar,Gaya,NFHS-5_FCTS/BR/Gaya.pdf
76,Bihar,Gopalganj,NFHS-5_FCTS/BR/Gopalganj.pdf
77,Bihar,Jamui,NFHS-5_FCTS/BR/Jamui.pdf
78,Bihar,Jehanabad,NFHS-5_FCTS/BR/Jehanabad.pdf
79,Bihar,Kaimur (Bhabua),NFHS-5_FCTS/BR/Kaimur (Bhabua).pdf
80,Bihar,Katihar,NFHS-5_FCTS/BR/Katihar.pdf
81,Bihar,Khagaria,NFHS-5_FCTS/BR/Khagaria.pdf
82,Bihar,Kishanganj,NFHS-5_FCTS/BR/Kishanganj.pdf
83,Bihar,Lakhisarai,NFHS-5_FCTS/BR/Lakhisarai.pdf
84,Bihar,Madhepura,NFHS-5_FCTS/BR/Madhepura.pdf
85,Bihar,Madhubani,NFHS-5_FCTS/BR/Madhubani.pdf
86,Bihar,Munger,NFHS-5_FCTS/BR/Munger.pdf
87,Bihar,Muzaffarpur,NFHS-5_FCTS/BR/Muzaffarpur.pdf
88,Bihar,Nalanda,NFHS-5_FCTS/BR/Nalanda.pdf
89,Bihar,Nawada,NFHS-5_FCTS/BR/Nawada.pdf
90,Bihar,Pashchim Champaran,NFHS-5_FCTS/BR/Pashchim Champaran.pdf
91,Bihar,Patna,NFHS-5_FCTS/BR/Patna.pdf
92,Bihar,Purba Champaran,NFHS-5_FCTS/BR/Purba Champaran.pdf
93,Bihar,Purnia,NFHS-5_FCTS/BR/Purnia.pdf
94,Bihar,Rohtas,NFHS-5_FCTS/BR/Rohtas.pdf
95,Bihar,Saharsa,NFHS-5_FCTS/BR/Saharsa.pdf
96,Bihar,Samastipur,NFHS-5_FCTS/BR/Samastipur.pdf
97,Bihar,Saran,NFHS-5_FCTS/BR/Saran.pdf
98,Bihar,Sheikhpura,NFHS-5_FCTS/BR/Sheikhpura.pdf
99,Bihar,Sheohar,NFHS-5_FCTS/BR/Sheohar.pdf
100,Bihar,Sitamarhi,NFHS-5_FCTS/BR/Sitamarhi.pdf
101,Bihar,Siwan,NFHS-5_FCTS/BR/Siwan.pdf
102,Bihar,Supaul,NFHS-5_FCTS/BR/Supaul.pdf
103,Bihar,Vaishali,NFHS-5_FCTS/BR/Vaishali.pdf
104,Chhattisgarh,Balod,NFHS-5_FCTS/CT/Balod.pdf
105,Chhattisgarh,Baloda Bazar,NFHS-5_FCTS/CT/Baloda Bazar.pdf
106,Chhattisgarh,Balrampur,NFHS-5_FCTS/CT/Balrampur.pdf
107,Chhattisgarh,Bastar,NFHS-5_FCTS/CT/Bastar.pdf
108,Chhattisgarh,Bemetara,NFHS-5_FCTS/CT/Bemetara.pdf
109,Chhattisgarh,Bijapur,NFHS-5_FCTS/CT/Bijapur.pdf
110,Chhattisgarh,Bilaspur,NFHS-5_FCTS/CT/Bilaspur.pdf
111,Chhattisgarh,Dantewada,NFHS-5_FCTS/CT/Dantewada.pdf
112,Chhattisgarh,Dhamtari,NFHS-5_FCTS/CT/Dhamtari.pdf
113,Chhattisgarh,Durg,NFHS-5_FCTS/CT/Durg.pdf
114,Chhattisgarh,Gariyaband,NFHS-5_FCTS/CT/Gariyaband.pdf
115,Chhattisgarh,Janjgir-Champa,NFHS-5_FCTS/CT/Janjgir-Champa.pdf
116,Chhattisgarh,Jashpur,NFHS-5_FCTS/CT/Jashpur.pdf
117,Chhattisgarh,Kabeerdham,NFHS-5_FCTS/CT/Kabeerdham.pdf
118,Chhattisgarh,Kodagaon,NFHS-5_FCTS/CT/Kodagaon.pdf
119,Chhattisgarh,Korba,NFHS-5_FCTS/CT/Korba.pdf
120,Chhattisgarh,Koriya,NFHS-5_FCTS/CT/Koriya.pdf
121,Chhattisgarh,Mahasamund,NFHS-5_FCTS/CT/Mahasamund.pdf
122,Chhattisgarh,Mungeli,NFHS-5_FCTS/CT/Mungeli.pdf
123,Chhattisgarh,Narayanpur,NFHS-5_FCTS/CT/Narayanpur.pdf
124,Chhattisgarh,Raigarh,NFHS-5_FCTS/CT/Raigarh.pdf
125,Chhattisgarh,Raipur,NFHS-5_FCTS/CT/Raipur.pdf
126,Chhattisgarh,Rajnandgaon,NFHS-5_FCTS/CT/Rajnandgaon.pdf
127,Chhattisgarh,Sukma,NFHS-5_FCTS/CT/Sukma.pdf
128,Chhattisgarh,Surajpur,NFHS-5_FCTS/CT/Surajpur.pdf
129,Chhattisgarh,Surguja,NFHS-5_FCTS/CT/Surguja.pdf
130,Chhattisgarh,Uttar Bastar Kanker,NFHS-5_FCTS/CT/Uttar Bastar Kanker.pdf
131,Goa,North Goa,NFHS-5_FCTS/GA/North Goa.pdf
132,Goa,South Goa,NFHS-5_FCTS/GA/South Goa.pdf
133,Gujarat,Ahmedabad,NFHS-5_FCTS/GJ/Ahmedabad.pdf
134,Gujarat,Amreli,NFHS-5_FCTS/GJ/Amreli.pdf
135,Gujarat,Anand,NFHS-5_FCTS/GJ/Anand.pdf
136,Gujarat,Aravali,NFHS-5_FCTS/GJ/Aravali.pdf
137,Gujarat,Banaskantha,NFHS-5_FCTS/GJ/Banaskantha.pdf
138,Gujarat,Bharuch,NFHS-5_FCTS/GJ/Bharuch.pdf
139,Gujarat,Bhavnagar,NFHS-5_FCTS/GJ/Bhavnagar.pdf
140,Gujarat,Botad,NFHS-5_FCTS/GJ/Botad.pdf
141,Gujarat,Chhota Udaipur,NFHS-5_FCTS/GJ/Chhota Udaipur.pdf
142,Gujarat,Dahod,NFHS-5_FCTS/GJ/Dahod.pdf
143,Gujarat,Devbhumi Dwarka ,NFHS-5_FCTS/GJ/Devbhumi Dwarka.pdf
144,Gujarat,Gandhinagar,NFHS-5_FCTS/GJ/Gandhinagar.pdf
145,Gujarat,Gir Somnath,NFHS-5_FCTS/GJ/Gir Somnath.pdf
146,Gujarat,Jamnagar,NFHS-5_FCTS/GJ/Jamnagar.pdf
147,Gujarat,Junagadh,NFHS-5_FCTS/GJ/Junagadh.pdf
148,Gujarat,Kachchh,NFHS-5_FCTS/GJ/Kachchh.pdf
149,Gujarat,Kheda,NFHS-5_FCTS/GJ/Kheda.pdf
150,Gujarat,Mahesana,NFHS-5_FCTS/GJ/Mahesana.pdf
151,Gujarat,Mahisagar,NFHS-5_FCTS/GJ/Mahisagar.pdf
152,Gujarat,Morbi,NFHS-5_FCTS/GJ/Morbi.pdf
153,Gujarat,Narmada,NFHS-5_FCTS/GJ/Narmada.pdf
154,Gujarat,Navsari,NFHS-5_FCTS/GJ/Navsari.pdf
155,Gujarat,Panchmahal,NFHS-5_FCTS/GJ/Panchmahal.pdf
156,Gujarat,Patan,NFHS-5_FCTS/GJ/Patan.pdf
157,Gujarat,Porbandar,NFHS-5_FCTS/GJ/Porbandar.pdf
158,Gujarat,Rajkot,NFHS-5_FCTS/GJ/Rajkot.pdf
159,Gujarat,Sabarkantha,NFHS-5_FCTS/GJ/Sabarkantha.pdf
160,Gujarat,Surat,NFHS-5_FCTS/GJ/Surat.pdf
161,Gujarat,Surendranagar,NFHS-5_FCTS/GJ/Surendranagar.pdf
162,Gujarat,Tapi,NFHS-5_FCTS/GJ/Tapi.pdf
163,Gujarat,The Dangs,NFHS-5_FCTS/GJ/The Dangs.pdf
164,Gujarat,Vadodara,NFHS-5_FCTS/GJ/Vadodara.pdf
165,Gujarat,Valsad,NFHS-5_FCTS/GJ/Valsad.pdf
166,Haryana,Ambala,NFHS-5_FCTS/HR/Ambala.pdf
167,Haryana,Bhiwani,NFHS-5_FCTS/HR/Bhiwani.pdf
168,Haryana,Charkhi Dadri,NFHS-5_FCTS/HR/Charkhi Dadri.pdf
169,Haryana,Faridabad,NFHS-5_FCTS/HR/Faridabad.pdf
170,Haryana,Fatehabad,NFHS-5_FCTS/HR/Fatehabad.pdf
171,Haryana,Gurgaon,NFHS-5_FCTS/HR/Gurgaon.pdf
172,Haryana,Hisar,NFHS-5_FCTS/HR/Hisar.pdf
173,Haryana,Jhajjar,NFHS-5_FCTS/HR/Jhajjar.pdf
174,Haryana,Jind,NFHS-5_FCTS/HR/Jind.pdf
175,Haryana,Kaithal,NFHS-5_FCTS/HR/Kaithal.pdf
176,Haryana,Karnal,NFHS-5_FCTS/HR/Karnal.pdf
177,Haryana,Kurukshetra,NFHS-5_FCTS/HR/Kurukshetra.pdf
178,Haryana,Mahendragarh,NFHS-5_FCTS/HR/Mahendragarh.pdf
179,Haryana,Mewat,NFHS-5_FCTS/HR/Mewat.pdf
180,Haryana,Palwal,NFHS-5_FCTS/HR/Palwal.pdf
181,Haryana,Panchkula,NFHS-5_FCTS/HR/Panchkula.pdf
182,Haryana,Panipat,NFHS-5_FCTS/HR/Panipat.pdf
183,Haryana,Rewari,NFHS-5_FCTS/HR/Rewari.pdf
184,Haryana,Rohtak,NFHS-5_FCTS/HR/Rohtak.pdf
185,Haryana,Sirsa,NFHS-5_FCTS/HR/Sirsa.pdf
186,Haryana,Sonipat,NFHS-5_FCTS/HR/Sonipat.pdf
187,Haryana,Yamunanagar,NFHS-5_FCTS/HR/Yamunanagar.pdf
188,Himachal Pradesh,Bilaspur,NFHS-5_FCTS/HP/Bilaspur.pdf
189,Himachal Pradesh,Chamba,NFHS-5_FCTS/HP/Chamba.pdf
190,Himachal Pradesh,Hamirpur,NFHS-5_FCTS/HP/Hamirpur.pdf
191,Himachal Pradesh,Kangra,NFHS-5_FCTS/HP/Kangra.pdf
192,Himachal Pradesh,Kinnaur,NFHS-5_FCTS/HP/Kinnaur.pdf
193,Himachal Pradesh,Kullu,NFHS-5_FCTS/HP/Kullu.pdf
194,Himachal Pradesh,Lahul and Spiti,NFHS-5_FCTS/HP/Lahul and Spiti.pdf
195,Himachal Pradesh,Mandi,NFHS-5_FCTS/HP/Mandi.pdf
196,Himachal Pradesh,Shimla,NFHS-5_FCTS/HP/Shimla.pdf
197,Himachal Pradesh,Sirmaur,NFHS-5_FCTS/HP/Sirmaur.pdf
198,Himachal Pradesh,Solan,NFHS-5_FCTS/HP/Solan.pdf
199,Himachal Pradesh,Una,NFHS-5_FCTS/HP/Una.pdf
200,Jharkhand,Bokaro,NFHS-5_FCTS/JH/Bokaro.pdf
201,Jharkhand,Chatra,NFHS-5_FCTS/JH/Chatra.pdf
202,Jharkhand,Deoghar,NFHS-5_FCTS/JH/Deoghar.pdf
203,Jharkhand,Dhanbad,NFHS-5_FCTS/JH/Dhanbad.pdf
204,Jharkhand,Dumka,NFHS-5_FCTS/JH/Dumka.pdf
205,Jharkhand,Garhwa,NFHS-5_FCTS/JH/Garhwa.pdf
206,Jharkhand,Giridih,NFHS-5_FCTS/JH/Giridih.pdf
207,Jharkhand,Godda,NFHS-5_FCTS/JH/Godda.pdf
208,Jharkhand,Gumla,NFHS-5_FCTS/JH/Gumla.pdf
209,Jharkhand,Hazaribagh,NFHS-5_FCTS/JH/Hazaribagh.pdf
210,Jharkhand,Jamtara,NFHS-5_FCTS/JH/Jamtara.pdf
211,Jharkhand,Khunti,NFHS-5_FCTS/JH/Khunti.pdf
212,Jharkhand,Kodarma,NFHS-5_FCTS/JH/Kodarma.pdf
213,Jharkhand,Latehar,NFHS-5_FCTS/JH/Latehar.pdf
214,Jharkhand,Lohardaga,NFHS-5_FCTS/JH/Lohardaga.pdf
215,Jharkhand,Pakur,NFHS-5_FCTS/JH/Pakur.pdf
216,Jharkhand,Palamu,NFHS-5_FCTS/JH/Palamu.pdf
217,Jharkhand,Pashchimi Singhbhum,NFHS-5_FCTS/JH/Pashchimi Singhbhum.pdf
218,Jharkhand,Purbi Singhbhum,NFHS-5_FCTS/JH/Purbi Singhbhum.pdf
219,Jharkhand,Ramgarh,NFHS-5_FCTS/JH/Ramgarh.pdf
220,Jharkhand,Ranchi,NFHS-5_FCTS/JH/Ranchi.pdf
221,Jharkhand,Sahibganj,NFHS-5_FCTS/JH/Sahibganj.pdf
222,Jharkhand,Saraikela-Kharsawan,NFHS-5_FCTS/JH/Saraikela-Kharsawan.pdf
223,Jharkhand,Simdega,NFHS-5_FCTS/JH/Simdega.pdf
224,Karnataka,Bagalkot,NFHS-5_FCTS/KA/Bagalkot.pdf
225,Karnataka,Bangalore ,NFHS-5_FCTS/KA/Bangalore.pdf
226,Karnataka,Bangalore Rural,NFHS-5_FCTS/KA/Bangalore Rural.pdf
227,Karnataka,Belgaum,NFHS-5_FCTS/KA/Belgaum.pdf
228,Karnataka,Bellary,NFHS-5_FCTS/KA/Bellary.pdf
229,Karnataka,Bidar,NFHS-5_FCTS/KA/Bidar.pdf
230,Karnataka,Bijapur,NFHS-5_FCTS/KA/Bijapur.pdf
231,Karnataka,Chamarajanagar,NFHS-5_FCTS/KA/Chamarajanagar.pdf
232,Karnataka,Chikkaballapura,NFHS-5_FCTS/KA/Chikkaballapura.pdf
233,Karnataka,Chikmagalur,NFHS-5_FCTS/KA/Chikmagalur.pdf
234,Karnataka,Chitradurga,NFHS-5_FCTS/KA/Chitradurga.pdf
235,Karnataka,Dakshina Kannada,NFHS-5_FCTS/KA/Dakshina Kannada.pdf
236,Karnataka,Davanagere,NFHS-5_FCTS/KA/Davanagere.pdf
237,Karnataka,Dharwad,NFHS-5_FCTS/KA/Dharwad.pdf
238,Karnataka,Gadag,NFHS-5_FCTS/KA/Gadag.pdf
239,Karnataka,Gulbarga,NFHS-5_FCTS/KA/Gulbarga.pdf
240,Karnataka,Hassan,NFHS-5_FCTS/KA/Hassan.pdf
241,Karnataka,Haveri,NFHS-5_FCTS/KA/Haveri.pdf
242,Karnataka,Kodagu,NFHS-5_FCTS/KA/Kodagu.pdf
243,Karnataka,Kolar,NFHS-5_FCTS/KA/Kolar.pdf
244,Karnataka,Koppal,NFHS-5_FCTS/KA/Koppal.pdf
245,Karnataka,Mandya,NFHS-5_FCTS/KA/Mandya.pdf
246,Karnataka,Mysore,NFHS-5_FCTS/KA/Mysore.pdf
247,Karnataka,Raichur,NFHS-5_FCTS/KA/Raichur.pdf
248,Karnataka,Ramanagara,NFHS-5_FCTS/KA/Ramanagara.pdf
249,Karnataka,Shimoga,NFHS-5_FCTS/KA/Shimoga.pdf
250,Karnataka,Tumkur,NFHS-5_FCTS/KA/Tumkur.pdf
251,Karnataka,Udupi,NFHS-5_FCTS/KA/Udupi.pdf
252,Karnataka,Uttara Kannada,NFHS-5_FCTS/KA/Uttara Kannada.pdf
253,Karnataka,Yadgir,NFHS-5_FCTS/KA/Yadgir.pdf
254,Kerala,Alappuzha,NFHS-5_FCTS/KL/Alappuzha.pdf
255,Kerala,Ernakulam,NFHS-5_FCTS/KL/Ernakulam.pdf
256,Kerala,Idukki,NFHS-5_FCTS/KL/Idukki.pdf
257,Kerala,Kannur,NFHS-5_FCTS/KL/Kannur.pdf
258,Kerala,Kasaragod,NFHS-5_FCTS/KL/Kasaragod.pdf
259,Kerala,Kollam,NFHS-5_FCTS/KL/Kollam.pdf
260,Kerala,Kottayam,NFHS-5_FCTS/KL/Kottayam.pdf
261,Kerala,Kozhikode,NFHS-5_FCTS/KL/Kozhikode.pdf
262,Kerala,Malappuram,NFHS-5_FCTS/KL/Malappuram.pdf
263,Kerala,Palakkad,NFHS-5_FCTS/KL/Palakkad.pdf
264,Kerala,Pathanamthitta,NFHS-5_FCTS/KL/Pathanamthitta.pdf
265,Kerala,Thiruvananthapuram,NFHS-5_FCTS/KL/Thiruvananthapuram.pdf
266,Kerala,Thrissur,NFHS-5_FCTS/KL/Thrissur.pdf
267,Kerala,Wayanad,NFHS-5_FCTS/KL/Wayanad.pdf
268,Madhya Pradesh,Agar Malwa,NFHS-5_FCTS/MP/Agar Malwa.pdf
269,Madhya Pradesh,Alirajpur,NFHS-5_FCTS/MP/Alirajpur.pdf
270,Madhya Pradesh,Anuppur,NFHS-5_FCTS/MP/Anuppur.pdf
271,Madhya Pradesh,Ashoknagar,NFHS-5_FCTS/MP/Ashoknagar.pdf
272,Madhya Pradesh,Balaghat,NFHS-5_FCTS/MP/Balaghat.pdf
273,Madhya Pradesh,Barwani,NFHS-5_FCTS/MP/Barwani.pdf
274,Madhya Pradesh,Betul,NFHS-5_FCTS/MP/Betul.pdf
275,Madhya Pradesh,Bhind,NFHS-5_FCTS/MP/Bhind.pdf
276,Madhya Pradesh,Bhopal,NFHS-5_FCTS/MP/Bhopal.pdf
277,Madhya Pradesh,Burhanpur,NFHS-5_FCTS/MP/Burhanpur.pdf
278,Madhya Pradesh,Chhatarpur,NFHS-5_FCTS/MP/Chhatarpur.pdf
279,Madhya Pradesh,Chhindwara,NFHS-5_FCTS/MP/Chhindwara.pdf
280,Madhya Pradesh,Damoh,NFHS-5_FCTS/MP/Damoh.pdf
281,Madhya Pradesh,Datia,NFHS-5_FCTS/MP/Datia.pdf
282,Madhya Pradesh,Dewas,NFHS-5_FCTS/MP/Dewas.pdf
283,Madhya Pradesh,Dhar,NFHS-5_FCTS/MP/Dhar.pdf
284,Madhya Pradesh,Dindori,NFHS-5_FCTS/MP/Dindori.pdf
285,Madhya Pradesh,Guna,NFHS-5_FCTS/MP/Guna.pdf
286,Madhya Pradesh,Gwalior,NFHS-5_FCTS/MP/Gwalior.pdf
287,Madhya Pradesh,Harda,NFHS-5_FCTS/MP/Harda.pdf
288,Madhya Pradesh,Hoshangabad,NFHS-5_FCTS/MP/Hoshangabad.pdf
289,Madhya Pradesh,Indore,NFHS-5_FCTS/MP/Indore.pdf
290,Madhya Pradesh,Jabalpur,NFHS-5_FCTS/MP/Jabalpur.pdf
291,Madhya Pradesh,Jhabua,NFHS-5_FCTS/MP/Jhabua.pdf
292,Madhya Pradesh,Katni,NFHS-5_FCTS/MP/Katni.pdf
293,Madhya Pradesh,Khandwa (East Nimar),NFHS-5_FCTS/MP/Khandwa (East Nimar).pdf
294,Madhya Pradesh,Khargone (West Nimar),NFHS-5_FCTS/MP/Khargone (West Nimar).pdf
295,Madhya Pradesh,Mandla,NFHS-5_FCTS/MP/Mandla.pdf
296,Madhya Pradesh,Mandsaur,NFHS-5_FCTS/MP/Mandsaur.pdf
297,Madhya Pradesh,Morena,NFHS-5_FCTS/MP/Morena.pdf
298,Madhya Pradesh,Narsinghpur,NFHS-5_FCTS/MP/Narsinghpur.pdf
299,Madhya Pradesh,Neemuch,NFHS-5_FCTS/MP/Neemuch.pdf
300,Madhya Pradesh,Panna,NFHS-5_FCTS/MP/Panna.pdf
301,Madhya Pradesh,Raisen,NFHS-5_FCTS/MP/Raisen.pdf
302,Madhya Pradesh,Rajgarh,NFHS-5_FCTS/MP/Rajgarh.pdf
303,Madhya Pradesh,Ratlam,NFHS-5_FCTS/MP/Ratlam.pdf
304,Madhya Pradesh,Rewa,NFHS-5_FCTS/MP/Rewa.pdf
305,Madhya Pradesh,Sagar,NFHS-5_FCTS/MP/Sagar.pdf
306,Madhya Pradesh,Satna,NFHS-5_FCTS/MP/Satna.pdf
307,Madhya Pradesh,Sehore,NFHS-5_FCTS/MP/Sehore.pdf
308,Madhya Pradesh,Seoni,NFHS-5_FCTS/MP/Seoni.pdf
309,Madhya Pradesh,Shahdol,NFHS-5_FCTS/MP/Shahdol.pdf
310,Madhya Pradesh,Shajapur,NFHS-5_FCTS/MP/Shajapur.pdf
311,Madhya Pradesh,Sheopur,NFHS-5_FCTS/MP/Sheopur.pdf
312,Madhya Pradesh,Shivpuri,NFHS-5_FCTS/MP/Shivpuri.pdf
313,Madhya Pradesh,Sidhi,NFHS-5_FCTS/MP/Sidhi.pdf
314,Madhya Pradesh,Singrauli,NFHS-5_FCTS/MP/Singrauli.pdf
315,Madhya Pradesh,Tikamgarh,NFHS-5_FCTS/MP/Tikamgarh.pdf
316,Madhya Pradesh,Ujjain,NFHS-5_FCTS/MP/Ujjain.pdf
317,Madhya Pradesh,Umaria,NFHS-5_FCTS/MP/Umaria.pdf
318,Maharashtra,Ahmednagar,NFHS-5_FCTS/MH/Ahmednagar.pdf
319,Maharashtra,Akola,NFHS-5_FCTS/MH/Akola.pdf
320,Maharashtra,Amravati,NFHS-5_FCTS/MH/Amravati.pdf
321,Maharashtra,Aurangabad,NFHS-5_FCTS/MH/Aurangabad.pdf
322,Maharashtra,Bid,NFHS-5_FCTS/MH/Bid.pdf
323,Maharashtra,Bhandara,NFHS-5_FCTS/MH/Bhandara.pdf
324,Maharashtra,Buldhana,NFHS-5_FCTS/MH/Buldhana.pdf
325,Maharashtra,Chandrapur,NFHS-5_FCTS/MH/Chandrapur.pdf
326,Maharashtra,Dhule,NFHS-5_FCTS/MH/Dhule.pdf
327,Maharashtra,Gadchiroli,NFHS-5_FCTS/MH/Gadchiroli.pdf
328,Maharashtra,Gondiya,NFHS-5_FCTS/MH/Gondiya.pdf
329,Maharashtra,Hingoli,NFHS-5_FCTS/MH/Hingoli.pdf
330,Maharashtra,Jalgaon,NFHS-5_FCTS/MH/Jalgaon.pdf
331,Maharashtra,Jalna,NFHS-5_FCTS/MH/Jalna.pdf
332,Maharashtra,Kolhapur,NFHS-5_FCTS/MH/Kolhapur.pdf
333,Maharashtra,Latur,NFHS-5_FCTS/MH/Latur.pdf
334,Maharashtra,Mumbai,NFHS-5_FCTS/MH/Mumbai.pdf
335,Maharashtra,Mumbai Suburban,NFHS-5_FCTS/MH/Mumbai Suburban.pdf
336,Maharashtra,Nagpur,NFHS-5_FCTS/MH/Nagpur.pdf
337,Maharashtra,Nanded,NFHS-5_FCTS/MH/Nanded.pdf
338,Maharashtra,Nandurbar,NFHS-5_FCTS/MH/Nandurbar.pdf
339,Maharashtra,Nashik,NFHS-5_FCTS/MH/Nashik.pdf
340,Maharashtra,Osmanabad,NFHS-5_FCTS/MH/Osmanabad.pdf
341,Maharashtra,Palghar,NFHS-5_FCTS/MH/Palghar.pdf
342,Maharashtra,Parbhani,NFHS-5_FCTS/MH/Parbhani.pdf
343,Maharashtra,Pune,NFHS-5_FCTS/MH/Pune.pdf
344,Maharashtra,Raigarh,NFHS-5_FCTS/MH/Raigarh.pdf
345,Maharashtra,Ratnagiri,NFHS-5_FCTS/MH/Ratnagiri.pdf
346,Maharashtra,Sangli,NFHS-5_FCTS/MH/Sangli.pdf
347,Maharashtra,Satara,NFHS-5_FCTS/MH/Satara.pdf
348,Maharashtra,Sindhudurg,NFHS-5_FCTS/MH/Sindhudurg.pdf
349,Maharashtra,Solapur,NFHS-5_FCTS/MH/Solapur.pdf
350,Maharashtra,Thane,NFHS-5_FCTS/MH/Thane.pdf
351,Maharashtra,Wardha,NFHS-5_FCTS/MH/Wardha.pdf
352,Maharashtra,Washim,NFHS-5_FCTS/MH/Washim.pdf
353,Maharashtra,Yavatmal,NFHS-5_FCTS/MH/Yavatmal.pdf
354,Manipur,Bishnupur,NFHS-5_FCTS/MN/Bishnupur.pdf
355,Manipur,Chandel,NFHS-5_FCTS/MN/Chandel.pdf
356,Manipur,Churachandpur,NFHS-5_FCTS/MN/Churachandpur.pdf
357,Manipur,Imphal East,NFHS-5_FCTS/MN/Imphal East.pdf
358,Manipur,Imphal West,NFHS-5_FCTS/MN/Imphal West.pdf
359,Manipur,Senapati,NFHS-5_FCTS/MN/Senapati.pdf
360,Manipur,Tamenglong,NFHS-5_FCTS/MN/Tamenglong.pdf
361,Manipur,Thoubal,NFHS-5_FCTS/MN/Toubal.pdf
362,Manipur,Ukhrul,NFHS-5_FCTS/MN/Ukhrul.pdf
363,Meghalaya,East Garo Hills,NFHS-5_FCTS/ML/East Garo Hills.pdf
364,Meghalaya,East Jaintia Hills,NFHS-5_FCTS/ML/East Jaintia Hills.pdf
365,Meghalaya,East Khasi Hills,NFHS-5_FCTS/ML/East Khasi Hills.pdf
366,Meghalaya,North Garo Hills,NFHS-5_FCTS/ML/North Garo Hills.pdf
367,Meghalaya,Ribhoi,NFHS-5_FCTS/ML/Ribhoi.pdf
368,Meghalaya,South Garo Hills,NFHS-5_FCTS/ML/South Garo Hills.pdf
369,Meghalaya,South West Garo Hills,NFHS-5_FCTS/ML/South West Garo Hills.pdf
370,Meghalaya,South West Khasi Hills,NFHS-5_FCTS/ML/South West Khasi Hills.pdf
371,Meghalaya,West Garo Hills,NFHS-5_FCTS/ML/West Garo Hills.pdf
372,Meghalaya,West Jaintia Hills,NFHS-5_FCTS/ML/West Jaintia Hills.pdf
373,Meghalaya,West Khasi Hills,NFHS-5_FCTS/ML/West Khasi Hills.pdf
374,Mizoram,Aizawl,NFHS-5_FCTS/MZ/Aizawl.pdf
375,Mizoram,Champhai,NFHS-5_FCTS/MZ/Champhai.pdf
376,Mizoram,Kolasib,NFHS-5_FCTS/MZ/Kolasib.pdf
377,Mizoram,Lawngtlai,NFHS-5_FCTS/MZ/Lawngtlai.pdf
378,Mizoram,Lunglei,NFHS-5_FCTS/MZ/Lunglei.pdf
379,Mizoram,Mamit,NFHS-5_FCTS/MZ/Mamit.pdf
380,Mizoram,Saiha,NFHS-5_FCTS/MZ/Saiha.pdf
381,Mizoram,Serchhip,NFHS-5_FCTS/MZ/Serchhip.pdf
382,Nagaland,Dimapur,NFHS-5_FCTS/NL/Dimapur.pdf
383,Nagaland,Kiphire,NFHS-5_FCTS/NL/Kiphire.pdf
384,Nagaland,Kohima,NFHS-5_FCTS/NL/Kohima.pdf
385,Nagaland,Longleng,NFHS-5_FCTS/NL/Longleng.pdf
386,Nagaland,Mokokchung,NFHS-5_FCTS/NL/Mokokchung.pdf
387,Nagaland,Mon,NFHS-5_FCTS/NL/Mon.pdf
388,Nagaland,Peren,NFHS-5_FCTS/NL/Peren.pdf
389,Nagaland,Phek,NFHS-5_FCTS/NL/Phek.pdf
390,Nagaland,Tuensang,NFHS-5_FCTS/NL/Tuensang.pdf
391,Nagaland,Wokha,NFHS-5_FCTS/NL/Wokha.pdf
392,Nagaland,Zunheboto,NFHS-5_FCTS/NL/Zunheboto.pdf
393,Odisha,Anugul,NFHS-5_FCTS/OR/Anugul.pdf
394,Odisha,Balangir,NFHS-5_FCTS/OR/Balangir.pdf
395,Odisha,Baleshwar,NFHS-5_FCTS/OR/Baleshwar.pdf
396,Odisha,Bargarh,NFHS-5_FCTS/OR/Bargarh.pdf
397,Odisha,Baudh,NFHS-5_FCTS/OR/Baudh.pdf
398,Odisha,Bhadrak,NFHS-5_FCTS/OR/Bhadrak.pdf
399,Odisha,Cuttack,NFHS-5_FCTS/OR/Cuttack.pdf
400,Odisha,Debagarh,NFHS-5_FCTS/OR/Debagarh.pdf
401,Odisha,Dhenkanal,NFHS-5_FCTS/OR/Dhenkanal.pdf
402,Odisha,Gajapati,NFHS-5_FCTS/OR/Gajapati.pdf
403,Odisha,Ganjam,NFHS-5_FCTS/OR/Ganjam.pdf
404,Odisha,Jagatsinghapur,NFHS-5_FCTS/OR/Jagatsinghapur.pdf
405,Odisha,Jajapur,NFHS-5_FCTS/OR/Jajapur.pdf
406,Odisha,Jharsuguda,NFHS-5_FCTS/OR/Jharsuguda.pdf
407,Odisha,Kalahandi,NFHS-5_FCTS/OR/Kalahandi.pdf
408,Odisha,Kandhamal,NFHS-5_FCTS/OR/Kandhamal.pdf
409,Odisha,Kendrapara,NFHS-5_FCTS/OR/Kendrapara.pdf
410,Odisha,Kendujhar,NFHS-5_FCTS/OR/Kendujhar.pdf
411,Odisha,Khordha,NFHS-5_FCTS/OR/Khordha.pdf
412,Odisha,Koraput,NFHS-5_FCTS/OR/Koraput.pdf
413,Odisha,Malkangiri,NFHS-5_FCTS/OR/Malkangiri.pdf
414,Odisha,Mayurbhanj,NFHS-5_FCTS/OR/Mayurbhanj.pdf
415,Odisha,Nabarangapur,NFHS-5_FCTS/OR/Nabarangapur.pdf
416,Odisha,Nayagarh,NFHS-5_FCTS/OR/Nayagarh.pdf
417,Odisha,Nuapada,NFHS-5_FCTS/OR/Nuapada.pdf
418,Odisha,Puri,NFHS-5_FCTS/OR/Puri.pdf
419,Odisha,Rayagada,NFHS-5_FCTS/OR/Rayagada.pdf
420,Odisha,Sambalpur,NFHS-5_FCTS/OR/Sambalpur.pdf
421,Odisha,Subarnapur,NFHS-5_FCTS/OR/Subarnapur.pdf
422,Odisha,Sundargarh,NFHS-5_FCTS/OR/Sundargarh.pdf
423,Punjab,Amritsar,NFHS-5_FCTS/PB/Amritsar.pdf
424,Punjab,Barnala,NFHS-5_FCTS/PB/Barnala.pdf
425,Punjab,Bathinda,NFHS-5_FCTS/PB/Bathinda.pdf
426,Punjab,Faridkot,NFHS-5_FCTS/PB/Faridkot.pdf
427,Punjab,Fatehgarh Sahib,NFHS-5_FCTS/PB/Fatehgarh Sahib.pdf
428,Punjab,Fazilka,NFHS-5_FCTS/PB/Fazilka.pdf
429,Punjab,Firozpur,NFHS-5_FCTS/PB/Firozpur.pdf
430,Punjab,Gurudaspur,NFHS-5_FCTS/PB/Gurudaspur.pdf
431,Punjab,Hoshiarpur,NFHS-5_FCTS/PB/Hoshiarpur.pdf
432,Punjab,Jalandhar,NFHS-5_FCTS/PB/Jalandhar.pdf
433,Punjab,Kapurthala,NFHS-5_FCTS/PB/Kapurthala.pdf
434,Punjab,Ludhiana,NFHS-5_FCTS/PB/Ludhiana.pdf
435,Punjab,Mansa,NFHS-5_FCTS/PB/Mansa.pdf
436,Punjab,Moga,NFHS-5_FCTS/PB/Moga.pdf
437,Punjab,Muktsar,NFHS-5_FCTS/PB/Muktsar.pdf
438,Punjab,Pathankot,NFHS-5_FCTS/PB/Pathankot.pdf
439,Punjab,Patiala,NFHS-5_FCTS/PB/Patiala.pdf
440,Punjab,Rupnagar,NFHS-5_FCTS/PB/Rupnagar.pdf
441,Punjab,Sahibzada Ajit Singh Nagar,NFHS-5_FCTS/PB/Sahibzada Ajit Singh Nagar.pdf
442,Punjab,Sangrur,NFHS-5_FCTS/PB/Sangrur.pdf
443,Punjab,SBS Nagar,NFHS-5_FCTS/PB/SBS Nagar.pdf
444,Punjab,Tarn Taran,NFHS-5_FCTS/PB/Tarn Taran.pdf
445,Rajasthan,Ajmer,NFHS-5_FCTS/RJ/Ajmer.pdf
446,Rajasthan,Alwar,NFHS-5_FCTS/RJ/Alwar.pdf
447,Rajasthan,Banswara,NFHS-5_FCTS/RJ/Banswara.pdf
448,Rajasthan,Baran,NFHS-5_FCTS/RJ/Baran.pdf
449,Rajasthan,Barmer,NFHS-5_FCTS/RJ/Barmer.pdf
450,Rajasthan,Bharatpur,NFHS-5_FCTS/RJ/Bharatpur.pdf
451,Rajasthan,Bhilwara,NFHS-5_FCTS/RJ/Bhilwara.pdf
452,Rajasthan,Bikaner,NFHS-5_FCTS/RJ/Bikaner.pdf
453,Rajasthan,Bundi,NFHS-5_FCTS/RJ/Bundi.pdf
454,Rajasthan,Chittaurgarh,NFHS-5_FCTS/RJ/Chittaurgarh.pdf
455,Rajasthan,Churu,NFHS-5_FCTS/RJ/Churu.pdf
456,Rajasthan,Dausa,NFHS-5_FCTS/RJ/Dausa.pdf
457,Rajasthan,Dhaulpur,NFHS-5_FCTS/RJ/Dhaulpur.pdf
458,Rajasthan,Dungarpur,NFHS-5_FCTS/RJ/Dungarpur.pdf
459,Rajasthan,Ganganagar,NFHS-5_FCTS/RJ/Ganganagar.pdf
460,Rajasthan,Hanumangarh,NFHS-5_FCTS/RJ/Hanumangarh.pdf
461,Rajasthan,Jaipur,NFHS-5_FCTS/RJ/Jaipur.pdf
462,Rajasthan,Jaisalmer,NFHS-5_FCTS/RJ/Jaisalmer.pdf
463,Rajasthan,Jalor,NFHS-5_FCTS/RJ/Jalor.pdf
464,Rajasthan,Jhalawar,NFHS-5_FCTS/RJ/Jhalawar.pdf
465,Rajasthan,Jhunjhunun,NFHS-5_FCTS/RJ/Jhunjhunun.pdf
466,Rajasthan,Jodhpur,NFHS-5_FCTS/RJ/Jodhpur.pdf
467,Rajasthan,Karauli,NFHS-5_FCTS/RJ/Karauli.pdf
468,Rajasthan,Kota,NFHS-5_FCTS/RJ/Kota.pdf
469,Rajasthan,Nagaur,NFHS-5_FCTS/RJ/Nagaur.pdf
470,Rajasthan,Pali,NFHS-5_FCTS/RJ/Pali.pdf
471,Rajasthan,Pratapgarh,NFHS-5_FCTS/RJ/Pratapgarh.pdf
472,Rajasthan,Rajsamand,NFHS-5_FCTS/RJ/Rajsamand.pdf
473,Rajasthan,Sawai Madhopur,NFHS-5_FCTS/RJ/Sawai Madhopur.pdf
474,Rajasthan,Sikar,NFHS-5_FCTS/RJ/Sikar.pdf
475,Rajasthan,Sirohi,NFHS-5_FCTS/RJ/Sirohi.pdf
476,Rajasthan,Tonk,NFHS-5_FCTS/RJ/Tonk.pdf
477,Rajasthan,Udaipur,NFHS-5_FCTS/RJ/Udaipur.pdf
478,Sikkim,East District,NFHS-5_FCTS/SK/East District.pdf
479,Sikkim,North District,NFHS-5_FCTS/SK/North District.pdf
480,Sikkim,South District,NFHS-5_FCTS/SK/South District.pdf
481,Sikkim,West District,NFHS-5_FCTS/SK/West District.pdf
482,Tamil Nadu,Ariyalur,NFHS-5_FCTS/TN/Ariyalur.pdf
483,Tamil Nadu,Chennai,NFHS-5_FCTS/TN/Chennai.pdf
484,Tamil Nadu,Coimbatore,NFHS-5_FCTS/TN/Coimbatore.pdf
485,Tamil Nadu,Cuddalore,NFHS-5_FCTS/TN/Cuddalore.pdf
486,Tamil Nadu,Dharmapuri,NFHS-5_FCTS/TN/Dharmapuri.pdf
487,Tamil Nadu,Dindigul,NFHS-5_FCTS/TN/Dindigul.pdf
488,Tamil Nadu,Erode,NFHS-5_FCTS/TN/Erode.pdf
489,Tamil Nadu,Kancheepuram,NFHS-5_FCTS/TN/Kancheepuram.pdf
490,Tamil Nadu,Kanniyakumari,NFHS-5_FCTS/TN/Kanniyakumari.pdf
491,Tamil Nadu,Karur,NFHS-5_FCTS/TN/Karur.pdf
492,Tamil Nadu,Krishnagiri,NFHS-5_FCTS/TN/Krishnagiri.pdf
493,Tamil Nadu,Madurai,NFHS-5_FCTS/TN/Madurai.pdf
494,Tamil Nadu,Nagapattinam,NFHS-5_FCTS/TN/Nagapattinam.pdf
495,Tamil Nadu,Namakkal,NFHS-5_FCTS/TN/Namakkal.pdf
496,Tamil Nadu,Perambalur,NFHS-5_FCTS/TN/Perambalur.pdf
497,Tamil Nadu,Pudukkottai,NFHS-5_FCTS/TN/Pudukkottai.pdf
498,Tamil Nadu,Ramanathapuram,NFHS-5_FCTS/TN/Ramanathapuram.pdf
499,Tamil Nadu,Salem,NFHS-5_FCTS/TN/Salem.pdf
500,Tamil Nadu,Sivaganga,NFHS-5_FCTS/TN/Sivaganga.pdf
501,Tamil Nadu,Thanjavur,NFHS-5_FCTS/TN/Thanjavur.pdf
502,Tamil Nadu,The Nilgiris,NFHS-5_FCTS/TN/The Nilgiris.pdf
503,Tamil Nadu,Theni,NFHS-5_FCTS/TN/Theni.pdf
504,Tamil Nadu,Thiruvallur,NFHS-5_FCTS/TN/Thiruvallur.pdf
505,Tamil Nadu,Thiruvarur,NFHS-5_FCTS/TN/Thiruvarur.pdf
506,Tamil Nadu,Thoothukkudi,NFHS-5_FCTS/TN/Thoothukkudi.pdf
507,Tamil Nadu,Tiruchirappalli,NFHS-5_FCTS/TN/Tiruchirappalli.pdf
508,Tamil Nadu,Tirunelveli,NFHS-5_FCTS/TN/Tirunelveli.pdf
509,Tamil Nadu,Tiruppur,NFHS-5_FCTS/TN/Tiruppur.pdf
510,Tamil Nadu,Tiruvannamalai,NFHS-5_FCTS/TN/Tiruvannamalai.pdf
511,Tamil Nadu,Vellore,NFHS-5_FCTS/TN/Vellore.pdf
512,Tamil Nadu,Viluppuram,NFHS-5_FCTS/TN/Viluppuram.pdf
513,Tamil Nadu,Virudhunagar,NFHS-5_FCTS/TN/Virudhunagar.pdf
514,Tripura,Dhalai,NFHS-5_FCTS/TR/Dhalai.pdf
515,Tripura,Gomati,NFHS-5_FCTS/TR/Gomati.pdf
516,Tripura,Khowai,NFHS-5_FCTS/TR/Khowai.pdf
517,Tripura,North  Tripura,NFHS-5_FCTS/TR/North Tripura.pdf
518,Tripura,Sepahijala,NFHS-5_FCTS/TR/Sepahijala.pdf
519,Tripura,South Tripura,NFHS-5_FCTS/TR/South Tripura.pdf
520,Tripura,Unakoti,NFHS-5_FCTS/TR/Unakoti.pdf
521,Tripura,West Tripura,NFHS-5_FCTS/TR/West Tripura.pdf
522,Uttar Pradesh,Agra,NFHS-5_FCTS/UP/Agra.pdf
523,Uttar Pradesh,Aligarh,NFHS-5_FCTS/UP/Aligarh.pdf
524,Uttar Pradesh,Ambedkar Nagar,NFHS-5_FCTS/UP/Ambedkar Nagar.pdf
525,Uttar Pradesh,Amethi,NFHS-5_FCTS/UP/Amethi.pdf
526,Uttar Pradesh,Auraiya,NFHS-5_FCTS/UP/Auraiya.pdf
527,Uttar Pradesh,Azamgarh,NFHS-5_FCTS/UP/Azamgarh.pdf
528,Uttar Pradesh,Baghpat,NFHS-5_FCTS/UP/Baghpat.pdf
529,Uttar Pradesh,Bahraich,NFHS-5_FCTS/UP/Bahraich.pdf
530,Uttar Pradesh,Ballia,NFHS-5_FCTS/UP/Ballia.pdf
531,Uttar Pradesh,Balrampur,NFHS-5_FCTS/UP/Balrampur.pdf
532,Uttar Pradesh,Banda,NFHS-5_FCTS/UP/Banda.pdf
533,Uttar Pradesh,Barabanki,NFHS-5_FCTS/UP/Barabanki.pdf
534,Uttar Pradesh,Bareilly,NFHS-5_FCTS/UP/Bareilly.pdf
535,Uttar Pradesh,Basti,NFHS-5_FCTS/UP/Basti.pdf
536,Uttar Pradesh,Bijnor,NFHS-5_FCTS/UP/Bijnor.pdf
537,Uttar Pradesh,Budaun,NFHS-5_FCTS/UP/Budaun.pdf
538,Uttar Pradesh,Bulandshahar,NFHS-5_FCTS/UP/Bulandshahr.pdf
539,Uttar Pradesh,Chandauli,NFHS-5_FCTS/UP/Chandauli.pdf
540,Uttar Pradesh,Chitrakoot,NFHS-5_FCTS/UP/Chitrakoot.pdf
541,Uttar Pradesh,Deoria,NFHS-5_FCTS/UP/Deoria.pdf
542,Uttar Pradesh,Etah,NFHS-5_FCTS/UP/Etah.pdf
543,Uttar Pradesh,Etawah,NFHS-5_FCTS/UP/Etawah.pdf
544,Uttar Pradesh,Faizabad,NFHS-5_FCTS/UP/Faizabad.pdf
545,Uttar Pradesh,Farrukhabad,NFHS-5_FCTS/UP/Farrukhabad.pdf
546,Uttar Pradesh,Fatehpur,NFHS-5_FCTS/UP/Fatehpur.pdf
547,Uttar Pradesh,Firozabad,NFHS-5_FCTS/UP/Firozabad.pdf
548,Uttar Pradesh,Gautam Buddha Nagar,NFHS-5_FCTS/UP/Gautam Buddha Nagar.pdf
549,Uttar Pradesh,Ghaziabad,NFHS-5_FCTS/UP/Ghaziabad.pdf
550,Uttar Pradesh,Ghazipur,NFHS-5_FCTS/UP/Ghazipur.pdf
551,Uttar Pradesh,Gonda,NFHS-5_FCTS/UP/Gonda.pdf
552,Uttar Pradesh,Gorakhpur,NFHS-5_FCTS/UP/Gorakhpur.pdf
553,Uttar Pradesh,Hamirpur,NFHS-5_FCTS/UP/Hamirpur.pdf
554,Uttar Pradesh,Hapur,NFHS-5_FCTS/UP/Hapur.pdf
555,Uttar Pradesh,Hardoi,NFHS-5_FCTS/UP/Hardoi.pdf
556,Uttar Pradesh,Jalaun,NFHS-5_FCTS/UP/Jalaun.pdf
557,Uttar Pradesh,Jaunpur,NFHS-5_FCTS/UP/Jaunpur.pdf
558,Uttar Pradesh,Jhansi,NFHS-5_FCTS/UP/Jhansi.pdf
559,Uttar Pradesh,Jyotiba Phule Nagar,NFHS-5_FCTS/UP/Jyotiba Phule Nagar.pdf
560,Uttar Pradesh,Kannauj,NFHS-5_FCTS/UP/Kannauj.pdf
561,Uttar Pradesh,Kanpur Dehat,NFHS-5_FCTS/UP/Kanpur Dehat.pdf
562,Uttar Pradesh,Kanpur Nagar,NFHS-5_FCTS/UP/Kanpur Nagar.pdf
563,Uttar Pradesh,Kanshiram Nagar,NFHS-5_FCTS/UP/Kanshiram Nagar.pdf
564,Uttar Pradesh,Kaushambi,NFHS-5_FCTS/UP/Kaushambi.pdf
565,Uttar Pradesh,Kheri,NFHS-5_FCTS/UP/Kheri.pdf
566,Uttar Pradesh,Kushinagar,NFHS-5_FCTS/UP/Kushinagar.pdf
567,Uttar Pradesh,Lalitpur,NFHS-5_FCTS/UP/Lalitpur.pdf
568,Uttar Pradesh,Lucknow,NFHS-5_FCTS/UP/Lucknow.pdf
569,Uttar Pradesh,Mahamaya Nagar,NFHS-5_FCTS/UP/Mahamaya Nagar.pdf
570,Uttar Pradesh,Mahoba,NFHS-5_FCTS/UP/Mahoba.pdf
571,Uttar Pradesh,Maharajganj,NFHS-5_FCTS/UP/Maharajganj.pdf
572,Uttar Pradesh,Mainpuri,NFHS-5_FCTS/UP/Mainpuri.pdf
573,Uttar Pradesh,Mathura,NFHS-5_FCTS/UP/Mathura.pdf
574,Uttar Pradesh,Mau,NFHS-5_FCTS/UP/Mau.pdf
575,Uttar Pradesh,Meerut,NFHS-5_FCTS/UP/Meerut.pdf
576,Uttar Pradesh,Mirzapur,NFHS-5_FCTS/UP/Mirzapur.pdf
577,Uttar Pradesh,Moradabad,NFHS-5_FCTS/UP/Moradabad.pdf
578,Uttar Pradesh,Muzaffarnagar,NFHS-5_FCTS/UP/Muzaffarnagar.pdf
579,Uttar Pradesh,Pilibhit,NFHS-5_FCTS/UP/Pilibhit.pdf
580,Uttar Pradesh,Pratapgarh,NFHS-5_FCTS/UP/Pratapgarh.pdf
581,Uttar Pradesh,Prayagraj,NFHS-5_FCTS/UP/Prayagraj.pdf
582,Uttar Pradesh,Rae Bareli,NFHS-5_FCTS/UP/Rae Bareli.pdf
583,Uttar Pradesh,Rampur,NFHS-5_FCTS/UP/Rampur.pdf
584,Uttar Pradesh,Saharanpur,NFHS-5_FCTS/UP/Saharanpur.pdf
585,Uttar Pradesh,Sambhal,NFHS-5_FCTS/UP/Sambhal.pdf
586,Uttar Pradesh,Sant Kabeer Nagar,NFHS-5_FCTS/UP/Sant Kabeer Nagar.pdf
587,Uttar Pradesh,Sant Ravidas Nagar (Bhadohi),NFHS-5_FCTS/UP/Sant Ravidas Nagar (Bhadohi).pdf
588,Uttar Pradesh,Shahjahanpur,NFHS-5_FCTS/UP/Shahjahanpur.pdf
589,Uttar Pradesh,Shamli,NFHS-5_FCTS/UP/Shamli.pdf
590,Uttar Pradesh,Shravasti,NFHS-5_FCTS/UP/Shravasti.pdf
591,Uttar Pradesh,Siddharthnagar,NFHS-5_FCTS/UP/Siddharthnagar.pdf
592,Uttar Pradesh,Sitapur,NFHS-5_FCTS/UP/Sitapur.pdf
593,Uttar Pradesh,Sonbhadra,NFHS-5_FCTS/UP/Sonbhadra.pdf
594,Uttar Pradesh,Sultanpur,NFHS-5_FCTS/UP/Sultanpur.pdf
595,Uttar Pradesh,Unnao,NFHS-5_FCTS/UP/Unnao.pdf
596,Uttar Pradesh,Varanasi,NFHS-5_FCTS/UP/Varanasi.pdf
597,Uttarakhand,Almora,NFHS-5_FCTS/UT/Almora.pdf
598,Uttarakhand,Bageshwar,NFHS-5_FCTS/UT/Bageshwar.pdf
599,Uttarakhand,Chamoli,NFHS-5_FCTS/UT/Chamoli.pdf
600,Uttarakhand,Champawat,NFHS-5_FCTS/UT/Champawat.pdf
601,Uttarakhand,Dehradun,NFHS-5_FCTS/UT/Dehradun.pdf
602,Uttarakhand,Haridwar,NFHS-5_FCTS/UT/Haridwar.pdf
603,Uttarakhand,Nainital,NFHS-5_FCTS/UT/Nainital.pdf
604,Uttarakhand,Pauri Garhwal,NFHS-5_FCTS/UT/Pauri Garhwal.pdf
605,Uttarakhand,Pithoragarh,NFHS-5_FCTS/UT/Pithoragarh.pdf
606,Uttarakhand,Rudraprayag,NFHS-5_FCTS/UT/Rudraprayag.pdf
607,Uttarakhand,Tehri Garhwal,NFHS-5_FCTS/UT/Tehri Garhwal.pdf
608,Uttarakhand,Udam Singh Nagar,NFHS-5_FCTS/UT/Udam Singh Nagar.pdf
609,Uttarakhand,Uttarkashi,NFHS-5_FCTS/UT/Uttarkashi.pdf
610,West Bengal,Bankura,NFHS-5_FCTS/WB/Bankura.pdf
611,West Bengal,Birbhum,NFHS-5_FCTS/WB/Birbhum.pdf
612,West Bengal,Dakshin Dinajpur,NFHS-5_FCTS/WB/Dakshin Dinajpur.pdf
613,West Bengal,Darjeeling,NFHS-5_FCTS/WB/Darjeeling.pdf
614,West Bengal,Haora,NFHS-5_FCTS/WB/Haora.pdf
615,West Bengal,Hugli,NFHS-5_FCTS/WB/Hugli.pdf
616,West Bengal,Jalpaiguri,NFHS-5_FCTS/WB/Jalpaiguri.pdf
617,West Bengal,Koch Bihar,NFHS-5_FCTS/WB/Koch Bihar.pdf
618,West Bengal,Kolkata,NFHS-5_FCTS/WB/Kolkata.pdf
619,West Bengal,Maldah,NFHS-5_FCTS/WB/Maldah.pdf
620,West Bengal,Murshidabad,NFHS-5_FCTS/WB/Murshidabad.pdf
621,West Bengal,Nadia,NFHS-5_FCTS/WB/Nadia.pdf
622,West Bengal,North Twenty Four Parganas,NFHS-5_FCTS/WB/North Twenty Four Parganas.pdf
623,West Bengal,Paschim Barddhaman,NFHS-5_FCTS/WB/Paschim Barddhaman.pdf
624,West Bengal,Paschim Medinipur,NFHS-5_FCTS/WB/Paschim Medinipur.pdf
625,West Bengal,Purba Barddhaman,NFHS-5_FCTS/WB/Purba Barddhaman.pdf
626,West Bengal,Purba Medinipur,NFHS-5_FCTS/WB/Purba Medinipur.pdf
627,West Bengal,Puruliya,NFHS-5_FCTS/WB/Puruliya.pdf
628,West Bengal,South Twenty Four Parganas,NFHS-5_FCTS/WB/South Twenty Four Parganas.pdf
629,West Bengal,Uttar Dinajpur,NFHS-5_FCTS/WB/Uttar Dinajpur.pdf
630,Andaman & Nicobar Island (UT),Nicobar,NFHS-5_FCTS/AN/Nicobar.pdf
631,Andaman & Nicobar Island (UT),North & Middle Andaman,NFHS-5_FCTS/AN/North & Middle Andaman.pdf
632,Andaman & Nicobar Island (UT),South Andaman,NFHS-5_FCTS/AN/South Andaman.pdf
633,Dadra Nagar Haveli & Daman & Diu (UT),Dadra & Nagar Haveli,NFHS-5_FCTS/DD/Dadra & Nagar Haveli.pdf
634,Dadra Nagar Haveli & Daman & Diu (UT),Daman,NFHS-5_FCTS/DD/Daman.pdf
635,Dadra Nagar Haveli & Daman & Diu (UT),Diu,NFHS-5_FCTS/DD/Diu.pdf
636,NCT of Delhi (UT),Central,NFHS-5_FCTS/DL/Central.pdf
637,NCT of Delhi (UT),East,NFHS-5_FCTS/DL/East.pdf
638,NCT of Delhi (UT),New Delhi,NFHS-5_FCTS/DL/New Delhi.pdf
639,NCT of Delhi (UT),North,NFHS-5_FCTS/DL/North.pdf
640,NCT of Delhi (UT),North East,NFHS-5_FCTS/DL/North East.pdf
641,NCT of Delhi (UT),North West,NFHS-5_FCTS/DL/North West.pdf
642,NCT of Delhi (UT),Shahdara,NFHS-5_FCTS/DL/Shahdara.pdf
643,NCT of Delhi (UT),South,NFHS-5_FCTS/DL/South.pdf
644,NCT of Delhi (UT),South East,NFHS-5_FCTS/DL/South East.pdf
645,NCT of Delhi (UT),South West,NFHS-5_FCTS/DL/South West.pdf
646,NCT of Delhi (UT),West,NFHS-5_FCTS/DL/West.pdf
647,Jammu & Kashmir (UT),Anantnag,NFHS-5_FCTS/JK/Anantnag.pdf
648,Jammu & Kashmir (UT),Badgam,NFHS-5_FCTS/JK/Badgam.pdf
649,Jammu & Kashmir (UT),Bandipora,NFHS-5_FCTS/JK/Bandipore.pdf
650,Jammu & Kashmir (UT),Baramula,NFHS-5_FCTS/JK/Baramula.pdf
651,Jammu & Kashmir (UT),Doda,NFHS-5_FCTS/JK/Doda.pdf
652,Jammu & Kashmir (UT),Ganderbal,NFHS-5_FCTS/JK/Ganderbal.pdf
653,Jammu & Kashmir (UT),Jammu,NFHS-5_FCTS/JK/Jammu.pdf
654,Jammu & Kashmir (UT),Kathua,NFHS-5_FCTS/JK/Kathua.pdf
655,Jammu & Kashmir (UT),Kishtwar,NFHS-5_FCTS/JK/Kishtwar.pdf
656,Jammu & Kashmir (UT),Kulgam,NFHS-5_FCTS/JK/Kulgam.pdf
657,Jammu & Kashmir (UT),Kupwara,NFHS-5_FCTS/JK/Kupwara.pdf
658,Jammu & Kashmir (UT),Pulwama,NFHS-5_FCTS/JK/Pulwama.pdf
659,Jammu & Kashmir (UT),Punch,NFHS-5_FCTS/JK/Punch.pdf
660,Jammu & Kashmir (UT),Rajouri,NFHS-5_FCTS/JK/Rajouri.pdf
661,Jammu & Kashmir (UT),Ramban,NFHS-5_FCTS/JK/Ramban.pdf
662,Jammu & Kashmir (UT),Reasi,NFHS-5_FCTS/JK/Reasi.pdf
663,Jammu & Kashmir (UT),Samba,NFHS-5_FCTS/JK/Samba.pdf
664,Jammu & Kashmir (UT),Shupiyan,NFHS-5_FCTS/JK/Shupiyan.pdf
665,Jammu & Kashmir (UT),Srinagar,NFHS-5_FCTS/JK/Srinagar.pdf
666,Jammu & Kashmir (UT),Udhampur,NFHS-5_FCTS/JK/Udhampur.pdf
667,Ladakh (UT),Kargil,NFHS-5_FCTS/LH/Kargil.pdf
668,Ladakh (UT),Leh (Ladakh),NFHS-5_FCTS/LH/Leh (Ladakh).pdf
669,Puducherry (UT),Karaikal,NFHS-5_FCTS/PY/Karaikal.pdf
670,Puducherry (UT),Mahe,NFHS-5_FCTS/PY/Mahe.pdf
671,Puducherry (UT),Puducherry,NFHS-5_FCTS/PY/Puducherry.pdf
672,Puducherry (UT),Yanam,NFHS-5_FCTS/PY/Yanam.pdf
