state,link
Andhra Pradesh,http://rchiips.org/nfhs/NFHS-5_AP.shtml
Arunachal Pradesh,http://rchiips.org/nfhs/NFHS-5_AR.shtml
Assam,http://rchiips.org/nfhs/NFHS-5_AS.shtml
Bihar,http://rchiips.org/nfhs/NFHS-5_BR.shtml
Chhattisgarh,http://rchiips.org/nfhs/NFHS-5_CT.shtml
Goa,http://rchiips.org/nfhs/NFHS-5_GA.shtml
Gujarat,http://rchiips.org/nfhs/NFHS-5_GJ.shtml
Haryana,http://rchiips.org/nfhs/NFHS-5_HR.shtml
Himachal Pradesh,http://rchiips.org/nfhs/NFHS-5_HP.shtml
Jharkhand,http://rchiips.org/nfhs/NFHS-5_JH.shtml
Karnataka,http://rchiips.org/nfhs/NFHS-5_KA.shtml
Kerala,http://rchiips.org/nfhs/NFHS-5_KL.shtml
Madhya Pradesh,http://rchiips.org/nfhs/NFHS-5_MP.shtml
Maharashtra,http://rchiips.org/nfhs/NFHS-5_MH.shtml
Manipur,http://rchiips.org/nfhs/NFHS-5_MN.shtml
Meghalaya,http://rchiips.org/nfhs/NFHS-5_ML.shtml
Mizoram,http://rchiips.org/nfhs/NFHS-5_MZ.shtml
Nagaland,http://rchiips.org/nfhs/NFHS-5_NL.shtml
Odisha,http://rchiips.org/nfhs/NFHS-5_OR.shtml
Punjab,http://rchiips.org/nfhs/NFHS-5_PB.shtml
Rajasthan,http://rchiips.org/nfhs/NFHS-5_RJ.shtml
Sikkim,http://rchiips.org/nfhs/NFHS-5_SK.shtml
Tamil Nadu,http://rchiips.org/nfhs/NFHS-5_TN.shtml
Telangana,http://rchiips.org/nfhs/NFHS-5_TL.shtml
Tripura,http://rchiips.org/nfhs/NFHS-5_TR.shtml
Uttar Pradesh,http://rchiips.org/nfhs/NFHS-5_UP.shtml
Uttarakhand,http://rchiips.org/nfhs/NFHS-5_UT.shtml
West Bengal,http://rchiips.org/nfhs/NFHS-5_WB.shtml
Andaman & Nicobar Island (UT),http://rchiips.org/nfhs/NFHS-5_AN.shtml
Chandigarh (UT),http://rchiips.org/nfhs/NFHS-5_CH.shtml
Dadra Nagar Haveli & Daman & Diu (UT),http://rchiips.org/nfhs/NFHS-5_DD.shtml
NCT of Delhi (UT),http://rchiips.org/nfhs/NFHS-5_DL.shtml
Jammu & Kashmir (UT),http://rchiips.org/nfhs/NFHS-5_JK.shtml
Ladakh (UT),http://rchiips.org/nfhs/NFHS-5_LH.shtml
Puducherry (UT),http://rchiips.org/nfhs/NFHS-5_PY.shtml